,Tweets,longitud,ID,fecha,fuente,likes,rts
0,"Seguimos en directo antes de volar a Berlin a TwitchCon.

https://t.co/k6WTTWZrn6",81,1116059775593328640,2019-04-10 19:26:00,Twitter Web Client,16,3
1,"Con DG88 en la Tormenta de Fuego del Quinto Campo de Batalla de Dado y Artes Electronicos.

https://t.co/k6WTTWZrn6",115,1116042030940135425,2019-04-10 18:15:29,Twitter Web Client,31,6
2,@Lopez74Jara @NVIDIAGeForceES @futurexpe Uff... Luce bestial! Disfrutala tio!,77,1116033048980676610,2019-04-10 17:39:48,Twitter Web Client,4,0
3,"RT @Lopez74Jara: Ya tengo esta bestia en casa!,me ha costado un poco domarla pero ya come de mi mano üòÅ ..muchisimas gracias! @NVIDIAGeForce‚Ä¶",140,1116032960048902146,2019-04-10 17:39:27,Twitter Web Client,0,18
4,"@jlvillabriga Me coge un poco lejos, la verdad... Una pena, porque estoy ya de la comida inglesa hasta los bemoles!",115,1115947855976574976,2019-04-10 12:01:16,Twitter Web Client,2,0
5,Han abierto un supermercado cerca de mi casa y estaba curioseando cuando... Marca Espu√±a... Tapas Essentials... Spa‚Ä¶ https://t.co/kPEY2ic69R,140,1115938621201289216,2019-04-10 11:24:35,Twitter for Android,124,5
6,@StreamGameOVER Animo crack y a recuperarse ;),46,1115928247840190464,2019-04-10 10:43:21,Twitter for Android,1,0
7,RT @LI3PeO: https://t.co/Mt539SJCOH,35,1115922420261629953,2019-04-10 10:20:12,Twitter for Android,0,25239
8,@ErikBusellato @RouzXIII @CooLifeGame https://t.co/HXzca1sm87,61,1115780222564143106,2019-04-10 00:55:09,Twitter Web Client,1,0
9,@RouzXIII @aitorgval https://t.co/jW8NAxg7aM,44,1115779910470197248,2019-04-10 00:53:55,Twitter Web Client,2,0
10,@Elf4rw3N Muchas gracias matriculilla ;D,40,1115779527404339201,2019-04-10 00:52:24,Twitter Web Client,2,0
11,@RouzXIII https://t.co/jRECLGw1KN,33,1115647104448380928,2019-04-09 16:06:12,Twitter Web Client,15,0
12,"RT @RouzXIII: Otro encargo m√°s para el majo de @madapls! 
Un dise√±o muy minimalista pero con personalidad como √©l me pidi√≥ :) 
Espero que o‚Ä¶",140,1115646835358617602,2019-04-09 16:05:07,Twitter Web Client,0,16
13,"@DjCronoxx Su casa, sus normas.",31,1115616604375666688,2019-04-09 14:05:00,Twitter Web Client,1,0
14,@PapiLego https://t.co/ay5OUJsU59,33,1115604648449044481,2019-04-09 13:17:29,Twitter Web Client,3,0
15,"RT @madapls: üì¢ ANUNCIACO üì¢

¬°Hoy es un dia importante para mi!

Llevo mas de un a√±o teniendo problemas por mi nick. En realidad mucho mas,‚Ä¶",139,1115603969756131329,2019-04-09 13:14:47,Twitter Web Client,0,45
16,@TheVikingCat No me tientes que ultimamente parezco un cubo de basura. Me trago lo que me eches üòÑ,97,1115597260891377667,2019-04-09 12:48:08,Twitter Web Client,1,0
17,@TheVikingCat Me gusta mucho leer este tipo de comentarios. Muchas gracias por estar al otro lado ;),100,1115590982098194432,2019-04-09 12:23:11,Twitter Web Client,2,0
18,"@F_deFIFA Hostia, es verdad... Que putada. Puede cambiartelo a FdePayRespects. No, eso ha sido cruel üòÑ Pero vamos,‚Ä¶ https://t.co/B6I2aZ62Xu",139,1115590764992651264,2019-04-09 12:22:19,Twitter Web Client,4,1
19,"@Carlos_MM97 Si iMadafaca era una broma a la que ya me costaba encontrarle la gracia, iMedefeco es otra que la perdio hace mucho mas... üòÑ",137,1115586904601264128,2019-04-09 12:06:59,Twitter for Android,2,0
20,@MrxSoki Hahaha Gracias Soki üòÑ,30,1115586248058523648,2019-04-09 12:04:22,Twitter for Android,1,0
21,"Muchisimas gracias a todos por los mensajes que me estais escribiendo. Que no se entere nadie, pero sois la puta ho‚Ä¶ https://t.co/lBAnj6M0YU",140,1115585027218317312,2019-04-09 11:59:31,Twitter for Android,184,6
22,@LazaPLAYS Alguien con nombre de magia de Final Fantasy no puede ofenderme... üòÑ,79,1115584173467668486,2019-04-09 11:56:08,Twitter for Android,8,0
23,@educas0 üòÜ,10,1115583656083562498,2019-04-09 11:54:04,Twitter for Android,1,0
24,@cristianY2J Muchas gracias por tus palabras ;),47,1115583588874051584,2019-04-09 11:53:48,Twitter for Android,2,0
25,"@80mp3 Dios, no... Espero que no me confundan üòÑ",47,1115412143376142336,2019-04-09 00:32:32,Twitter for Android,3,0
26,@SefirotKS ez ke ez azi Keppo,29,1115411978082816000,2019-04-09 00:31:53,Twitter for Android,3,0
27,"RT @DaemonOrtiz: @madapls Aunque cambies el nick, seguir√°s siendo nuestro Mada y esteramos ah√≠ para verte ^^",108,1115411790639370241,2019-04-09 00:31:08,Twitter for Android,0,2
28,@Charlynighter_ Gracias Charly! Ha sido trabajo de @RouzXIII!!,62,1115390987138949122,2019-04-08 23:08:28,Twitter Web Client,3,0
29,"Ahora a las cosas realmente importantes: matar

https://t.co/k6WTTWZrn6",71,1115328681667436546,2019-04-08 19:00:54,Twitter Web Client,31,6
30,"@rugalck @RouzXIII Gracias Rugal, pero aun te odio por enga√±arme el pasado April's Fool.",88,1115324766775386112,2019-04-08 18:45:20,Twitter Web Client,4,0
31,@Soy_Unmoy https://t.co/4ePmvK0dvb,34,1115324285084753930,2019-04-08 18:43:25,Twitter Web Client,9,0
32,@CheMaxPower Hahaha ¬øSabes que valore la opcion de ponerme MadaMada? No joke!,77,1115324206898663425,2019-04-08 18:43:07,Twitter Web Client,19,0
33,@Asdriid Pues lo cierto es que si... üòÑ,38,1115317247801724929,2019-04-08 18:15:28,Twitter Web Client,2,0
34,@Asdriid Llamando al veterinario... üòÑ,37,1115316576205639685,2019-04-08 18:12:48,Twitter Web Client,2,0
35,"Por ultimo, quiero compartir esta foto de mi gato chupandose las pelotas.

Ojala ser gato... https://t.co/2GTizPTKVu",116,1115315704557973506,2019-04-08 18:09:20,Twitter for Android,392,30
36,"Mi canal de Twitch pasa a llamarse /mada y mi cuenta de Twitter @madapls

Ademas, he querido hacer de este problema‚Ä¶ https://t.co/Gvf6eyg8D2",140,1115315685918498816,2019-04-08 18:09:15,Twitter for Android,125,6
37,"¬°Asi que esta mierda se acabo! ¬°A partir de ahora podeis llamarme... Mada.

Seh... Es muy distinto... Se que muchos‚Ä¶ https://t.co/n6lLK1ekk8",140,1115315684546887683,2019-04-08 18:09:15,Twitter for Android,165,2
38,Pero una de las ultimas advertencias que recibi de Twitch fue que podrian banearme la cuenta si alguien me denuncia‚Ä¶ https://t.co/O100iGQXw4,140,1115315682856656896,2019-04-08 18:09:15,Twitter for Android,73,2
39,En el ultimo a√±o y medio la cosa fue a mayores. Twitch no paraba de insistir en que haria bien en cambiarme el nick‚Ä¶ https://t.co/thmd72WUSE,140,1115315681296359425,2019-04-08 18:09:14,Twitter for Android,56,2
40,Ya no se trataba de no poder registrarme en algunas webs porque mi nick era ofensivo y sucedaneos. Pero aun asi dec‚Ä¶ https://t.co/P2bAWUe5tJ,140,1115315679555670016,2019-04-08 18:09:14,Twitter for Android,52,2
41,"Hace unos a√±os empece a tener otro tipo de problemas. Empece a encontrarme con que algunas marcas, a pesar de gusta‚Ä¶ https://t.co/29zFqV09HY",140,1115315677706051585,2019-04-08 18:09:13,Twitter for Android,58,3
42,"Llevo usando ""iMadafaca"" desde hace unos 10 a√±os. Todo eran jajuelas hasta que me comi mi primer ban por nombre ofe‚Ä¶ https://t.co/ntdL8gCSZ0",140,1115315676141506560,2019-04-08 18:09:13,Twitter for Android,56,2
43,"üì¢ ANUNCIACO üì¢

¬°Hoy es un dia importante para mi!

Llevo mas de un a√±o teniendo problemas por mi nick. En realidad‚Ä¶ https://t.co/5mUHsGmEG2",139,1115315675067834368,2019-04-08 18:09:13,Twitter for Android,406,45
44,"Tweet suculento para avisar de que estoy en directo.

https://t.co/xsiH8yPjj2",77,1114558490197024768,2019-04-06 16:00:26,Twitter Web Client,18,1
45,@Olmedoagua Asi lo hare! ;D,27,1114545842663374848,2019-04-06 15:10:10,Twitter Web Client,1,0
46,"@CheMaxPower @YouTube Siempre me chirria los berridos en los temazos del Leo. El resto suena genial, pero esos putos alaridos... üòÑ",130,1114208843653898240,2019-04-05 16:51:03,Twitter Web Client,2,0
47,@CheMaxPower @YouTube Bitch please... üòÑ https://t.co/E0ZTwFNO3Y,63,1114206373795987456,2019-04-05 16:41:15,Twitter Web Client,3,0
48,@bpakreetak Si. No comer üòÑ,26,1114195238497804288,2019-04-05 15:57:00,Twitter Web Client,1,0
49,@Bladecito_ Cuando vuelvas de que te corten el pelo yo te voy a cortar las pelotas Blade üòÑ,90,1114195091516735488,2019-04-05 15:56:25,Twitter Web Client,5,0
50,@F_deFIFA @FollowAxeeL Hahahaha Pero que co√±o...?,49,1113805942259367939,2019-04-04 14:10:04,Twitter Web Client,2,0
51,@yeyo4aranda Por ejemplo.,25,1113756774077800448,2019-04-04 10:54:42,Twitter for Android,2,0
52,"@Bladecito_ @MarkiLokurasY Abre tu correo antes de irte a dormir, anda... üòÑ",75,1113601460321882112,2019-04-04 00:37:32,Twitter Web Client,2,1
53,"A ver si quedamos para practicar un poco al Apex, eh @Bladecito_ y @MarkiLokurasY... https://t.co/76ngAJrQ9e",108,1113598943491952640,2019-04-04 00:27:32,Twitter Web Client,16,2
54,"Cuando lo suyo seria ser cada vez mas exigentes como clientes, o al menos no permitir que bajase el liston, que hay‚Ä¶ https://t.co/Ao3p3B2Wu4",140,1113580461849182208,2019-04-03 23:14:06,Twitter for Android,130,24
55,RT @Garmy87: Se monta un evento de comunidad para que ve√°is a vuestros streamers jugando y pas√°ndolo de puta madre y hay que aguantar un ch‚Ä¶,140,1113575172123045888,2019-04-03 22:53:04,Twitter for Android,0,89
56,"@elkalimo @adanx27 @antonycorn Ligeramente peor, si üòÑ https://t.co/sX1to0EpGl",77,1113573699129618432,2019-04-03 22:47:13,Twitter for Android,3,0
57,@MagnificentRah @AwesomeHate @simonokami Te recuerdo que eso ocurrio en el 2003 o 2004 y estamos en 2019.,105,1113537317174640640,2019-04-03 20:22:39,Twitter Web Client,5,0
58,"@AwesomeHate @simonokami Lo que hace Sony, Microsoft y Nintendo es financiar a estudios a cambio de que creen produ‚Ä¶ https://t.co/MrHQAoPdPG",140,1113516059557027840,2019-04-03 18:58:11,Twitter Web Client,7,1
59,"Me apetece soltar un poco de espuma y escuchar opiniones diferentes sobre Epic Store.

https://t.co/xsiH8yPjj2",110,1113448756400271361,2019-04-03 14:30:45,Twitter Web Client,12,3
60,"@Laro_99 Si Steam contestase del mismo modo, aflojando la billetera, ninguna de esas cosas que comentabas antes volverian.",122,1113448268367892480,2019-04-03 14:28:48,Twitter Web Client,2,1
61,"@standardtoxic ¬øNo usas el guardado en la nube, por ejemplo?",60,1113446676163960833,2019-04-03 14:22:29,Twitter Web Client,2,0
62,"@Laro_99 Estoy totalmente de acuerdo, pero Epic esta haciendo justo lo contrario. No hacen nada, excepto soltar din‚Ä¶ https://t.co/ROAZBbvrxh",140,1113446460610289666,2019-04-03 14:21:37,Twitter Web Client,3,1
63,"@Laro_99 Imagino que basandose en que si algo funciona, no lo toques. Pero si, tienes razon. Eso pasa y no deberia de ser asi.",126,1113444706866880513,2019-04-03 14:14:39,Twitter Web Client,4,2
64,@Wauxx00 ¬øNadie? üòÑ,18,1113443642017046529,2019-04-03 14:10:25,Twitter Web Client,7,0
65,"@Namekytal @Mundo_NFS Si NADA. Que por no tener, no tiene ni precarga. Es la hostia! üòÉ",86,1113443232464035840,2019-04-03 14:08:48,Twitter Web Client,2,0
66,@VirtusCherry Lo unico que va a conseguir Epic es justo lo contrario. Esta demostrando que no hace falta tener una‚Ä¶ https://t.co/X9quSjV5Hb,139,1113443047377907712,2019-04-03 14:08:03,Twitter Web Client,7,2
67,@UT_Psiqui ¬°Exacto! ¬øQuieres el mercado de pc? Crea un producto que sea atractivo para creadores y consumidores y e‚Ä¶ https://t.co/OoE3FTiFYD,140,1113441220179709952,2019-04-03 14:00:48,Twitter Web Client,12,0
68,@Mundo_NFS Lo ideal seria que su plataforma fuese igual o mejor que el resto y las desarrolladores/distribuidoras y‚Ä¶ https://t.co/4DO8UreYpl,140,1113440825982296065,2019-04-03 13:59:14,Twitter Web Client,4,0
69,"Pero, hey... Hay que reirle la gracia a los de Fortnite. ""Es que Steam no quiere competencia..."" Que te pires...",112,1113439813980557312,2019-04-03 13:55:13,Twitter Web Client,132,20
70,Epic esta creando la guerra de consolas en pc y todavia hay gente que se pregunta por que a muchos nos molestan sus‚Ä¶ https://t.co/DMnXMLib7w,140,1113439813028458496,2019-04-03 13:55:12,Twitter Web Client,468,123
71,@caladonarua Ah! Pensaba que ya estaria disponible! Gracias ;),62,1113417866060140544,2019-04-03 12:28:00,Twitter Web Client,3,0
72,@MendoCoach Despedido üëâ,23,1113416094583283717,2019-04-03 12:20:57,Twitter for Android,8,0
73,¬øQue hay que hacer para conseguir la edicion remasterizada de Borderlands? Se suponia que seria gratis para los que‚Ä¶ https://t.co/QxWlDGzZsM,140,1113414121620496385,2019-04-03 12:13:07,Twitter Web Client,31,0
74,"Seguimos en Firestorm disfrutando del Battlepass... No, espera... Solo mato gente.

https://t.co/xsiH8yPjj2",107,1113141652493938688,2019-04-02 18:10:25,Twitter Web Client,24,4
75,@aorus_es 247 üòé,15,1113139679757504513,2019-04-02 18:02:35,Twitter Web Client,8,0
76,"RT @Maria_Iriuri: üêô LITTLE SORTEO üêô

Los majos de @aorus_es nos han manado un pedazo teclado K7 para sortear entre todos vosotros! Para par‚Ä¶",140,1113108835483504640,2019-04-02 16:00:01,Twitter Web Client,0,2364
77,"Pues se ha quedado buena tarde para unos Firestorms

https://t.co/xsiH8yPjj2",76,1112790514208854016,2019-04-01 18:55:07,Twitter Web Client,24,4
78,"@Lopez74Jara @NVIDIAGeForceES @battlefield_es @futurexpe La foto ha estado bien, pero ahora te tocara la parte mas‚Ä¶ https://t.co/b19d2hhtPg",139,1112776181634490368,2019-04-01 17:58:10,Twitter Web Client,5,2
79,"@irondarkmaster @Lopez74Jara @NVIDIAGeForceES @battlefield_es Como he dicho, nos ha costado quedarnos con una... üòå",114,1112744884476219392,2019-04-01 15:53:48,Twitter Web Client,4,0
80,"@Charlynighter_ @Maria_Iriuri Te diria que soy alergico, pero lo cierto es que soy alergico y me mato a pajas.",110,1112744105774321665,2019-04-01 15:50:43,Twitter Web Client,48,0
81,@rugalck ¬°Enhorabuena Flaco! üòÉ,30,1112742891103899648,2019-04-01 15:45:53,Twitter Web Client,5,0
82,Comparte la ultima foto que tengas de tu mascota y no digas nada üêæ https://t.co/olNsEBRN6m,90,1112735545426366466,2019-04-01 15:16:42,Twitter for Android,302,26
83,"El ganador de #Battleshot con #ShotWithGeForce es @Lopez74Jara por esta foto.

¬°Enhorabuena y disfruta de tu nuevo‚Ä¶ https://t.co/McvJ3WchoV",139,1112724560451985409,2019-04-01 14:33:03,Twitter Web Client,78,14
84,@Jorgeneroso @NVIDIAGeForceES No. Se anunciara hoy mismo ;),59,1112695257014157313,2019-04-01 12:36:36,Twitter Web Client,2,0
85,@richar1979BC Enhorabuena tio üòâ,31,1112677979522506753,2019-04-01 11:27:57,Twitter for Android,21,0
86,@alvarolosada19 Eres un ser de luz.,35,1112422042706591744,2019-03-31 18:30:57,Twitter Web Client,2,0
87,#BahrainGP üòÜ https://t.co/jX1Zzrtw2w,36,1112389287612424193,2019-03-31 16:20:48,Twitter for Android,57,3
88,"No se si quiero, pero jugare un rato solo a Firestorm en directo hasta que se una algun compa√±ero. Jugar solo a est‚Ä¶ https://t.co/eHHpx1eR7f",140,1112059411307081728,2019-03-30 18:29:59,Twitter Web Client,29,1
89,@Disaster_TheDoc Como lo sabes...,33,1112052554601500677,2019-03-30 18:02:44,Twitter for Android,4,0
90,"Chicos, estoy pensando en crear un Discord para jugar a Firestorm. Me voy a arrepentir...",89,1112047658938576896,2019-03-30 17:43:17,Twitter Web Client,83,2
91,"@Jorgeneroso @NVIDIAGeForceES @battlefield_es Uf... La primera me gusta mucho, eh...",84,1112045610667044866,2019-03-30 17:35:09,Twitter Web Client,1,0
92,"RT @battlefield_es: Actualmente estamos trabajando en un sistema m√°s sencillo de loot para #Firestorm. As√≠ es, m√°s o menos, como ser√° su im‚Ä¶",140,1112043111256125440,2019-03-30 17:25:13,Twitter Web Client,0,41
93,@HelanyaH @aitorgval @RouzXIII Increible. No tengo palabras. Mis conocimientos de arte no son suficientes para apre‚Ä¶ https://t.co/H4LU8S1bTv,140,1112043022546595840,2019-03-30 17:24:51,Twitter Web Client,2,0
94,"‚ö†Ô∏è¬†Ultimas 24h para participar! ‚ö†Ô∏è

Solo tienes que hacer una fotografia, como las que te haces con tu gato, pero s‚Ä¶ https://t.co/RGHH4YzrYM",140,1112041119028834304,2019-03-30 17:17:18,Twitter Web Client,12,5
95,@RouzXIII ¬øQue estas haciendo Rouz? üåö,37,1111838106334973952,2019-03-30 03:50:36,Twitter Web Client,3,0
96,"Parece que va a haber tormenta de fuego en el quinto campo de batalla.

üî•üî•üî•
üî•üòéüî•
üî•üî•üî•

https://t.co/xsiH8yPjj2",108,1111681975692263428,2019-03-29 17:30:11,Twitter Web Client,36,3
97,RT @thememebookoc: https://t.co/EPMg8X3lZ8,42,1111661168794501121,2019-03-29 16:07:30,Twitter Web Client,0,71935
98,@LautaroM22 @chemo8181 @DG88wasTaken @Winghahaven @Davidpkami @aitorgval Uf... üòÜ,80,1111634725100244995,2019-03-29 14:22:26,Twitter for Android,2,0
99,@Outconsumer Muchos juegos que me resultan atractivos en planteamiento me generan rechazo por su estetica y es algo‚Ä¶ https://t.co/KzYJjfjANs,140,1111632552199180288,2019-03-29 14:13:48,Twitter for Android,6,0
100,@CheMaxPower Como mola!,23,1111575133146238976,2019-03-29 10:25:38,Twitter for Android,3,0
101,"@Wauxx00 @NVIDIAGeForceES @battlefield_es Hostias, muy chulas!",62,1111575025352617984,2019-03-29 10:25:12,Twitter for Android,1,0
102,@benjirecon Con el desprecio con el que solo un felino puede mirar,66,1111420797602586624,2019-03-29 00:12:22,Twitter Web Client,3,0
103,"Estoy con DG88 y Rankis en Apex Legends.

https://t.co/xsiH8yPjj2",65,1111346629670510593,2019-03-28 19:17:38,Twitter Web Client,22,1
104,RT @Ruizalagon: Cuando est√°s looteando tranquilamente en Halvoy y de repente oyes tiros y ves a @iMadafaca marcandose una doble en la killf‚Ä¶,140,1111311507999076352,2019-03-28 16:58:05,Twitter Web Client,0,2
105,"Ahora es el turno de Apex Legends.

https://t.co/xsiH8yPjj2",59,1111311285755568128,2019-03-28 16:57:12,Twitter Web Client,13,0
106,@darmody_ Xiaomi A2,19,1111301872445505537,2019-03-28 16:19:48,Twitter Web Client,2,0
107,"Aun no he jugado solo a #Firestorm asi que voy a probarlo en directo hasta que se una algun amigo.

https://t.co/xsiH8yPjj2",123,1111267943109795846,2019-03-28 14:04:58,Twitter Web Client,26,3
108,@Crsmj2 Ni de ninguna otra cosa üòÑ,33,1111256661480652801,2019-03-28 13:20:08,Twitter Web Client,1,0
109,"@chemo8181 @DG88wasTaken @Winghahaven @Davidpkami @aitorgval Pues no me parece para nada mala idea, eh... El proble‚Ä¶ https://t.co/BK8KaGaw9h",140,1111251686796988417,2019-03-28 13:00:22,Twitter Web Client,13,0
110,Todos los dias me quedo unos minutos con üêæPixel en la ventana cuando ventilo la casa. He empezado a hacerle algunas‚Ä¶ https://t.co/sTMcoat3iJ,140,1111248144531099653,2019-03-28 12:46:18,Twitter for Android,287,18
111,"Se avecinan cambios... Por suerte, para bien üòÄ",46,1111236905822236674,2019-03-28 12:01:38,Twitter Web Client,133,2
112,"@iFeeer7_ @Maria_Iriuri @lordsp @Winghahaven @battlefield_es En principio si, solo para partners.",97,1111009942255947779,2019-03-27 20:59:46,Twitter Web Client,3,0
113,"RT @Maria_Iriuri: Si quer√©is ver c√≥mo funciona el Squad Stream, ten√©is a @iMadafaca y @Winghahaven prob√°ndolo ahora mismo con el #Firestorm‚Ä¶",140,1110992303714390022,2019-03-27 19:49:41,Twitter Web Client,0,6
114,"Volvemos a Firestorm con @Wing y @Rankis Kappisima

https://t.co/xsiH8yPjj2",75,1110954505212964865,2019-03-27 17:19:29,Twitter Web Client,11,2
115,üêæ https://t.co/ghXYQeT8us,25,1110922042721878016,2019-03-27 15:10:29,Twitter for Android,198,10
116,@iMurofaca @DG88wasTaken A mi me ha hecho ver el apartado visual con otros ojos. Un mesias.,91,1110916712155807745,2019-03-27 14:49:18,Twitter for Android,1,0
117,@Winghahaven @QuickisAlive @FesbakGamer Enhorabuena chavules!!!,63,1110915104885874688,2019-03-27 14:42:55,Twitter for Android,13,0
118,"RT @DanaRazuri: Hay mucha gente hablando de que se acaba internet, as√≠ que vamos a echarle un vistazo al texto aprobado a ver que co√±o pasa‚Ä¶",140,1110914613892341770,2019-03-27 14:40:58,Twitter for Android,0,1574
119,@QuickisAlive Arriba Quickardo! Nos vemos en Berlin!!!,54,1110906373733142529,2019-03-27 14:08:13,Twitter for Android,9,0
120,@el_largo_alto Cazar patos.,27,1110699525604294656,2019-03-27 00:26:17,Twitter Web Client,5,0
121,"Acabo de encontrar esta majestuosa obra lirica en los comentarios del canal de @DG88wasTaken.

‚ö†Ô∏è Navy Seal Alert ‚ö†Ô∏è https://t.co/hcZThmOdxd",140,1110677809524019201,2019-03-26 22:59:59,Twitter Web Client,125,9
122,"La situacion es la siguiente:

Tu inventario: escopeta, 2 cocteles molotov y 4 primeros auxilios
Su inventario: lo‚Ä¶ https://t.co/B9TpzfYF0v",139,1110673366749466624,2019-03-26 22:42:20,Twitter Web Client,62,1
123,Es demasiado habitual estar correteando entre caba√±as buscando una misera pistola con la que defenderte en tu prime‚Ä¶ https://t.co/0ES0oxnETm,140,1110673365772263425,2019-03-26 22:42:20,Twitter Web Client,45,1
124,"No creo que los tanques en Firestorm signifiquen un plus necesariamente, pero si han de estar ahi porque ""es Battle‚Ä¶ https://t.co/yHPGpZpQAd",140,1110673364824322050,2019-03-26 22:42:20,Twitter Web Client,35,2
125,"Volvemos al Battle Royale de Battlefield V

https://t.co/xsiH8yPjj2",67,1110587412634308608,2019-03-26 17:00:47,Twitter Web Client,23,2
126,"@BlackEspanolito No se que % de tu publico es de Espa√±a (+60% en mi caso), pero ¬øcual es el plan si te vas de Europ‚Ä¶ https://t.co/sPWFQDSC26",140,1110548425827856385,2019-03-26 14:25:52,Twitter for Android,30,1
127,"No se muy bien en que me afectara a mi y a mis compa√±eros el articulo 13, pero desde luego no tiene muy buena pinta‚Ä¶ https://t.co/VCERaonztl",140,1110536113893068801,2019-03-26 13:36:56,Twitter for Android,121,36
128,@sushuneta @Maria_Iriuri üòÜüòÜüòÜ,28,1110528661780946950,2019-03-26 13:07:20,Twitter for Android,6,0
129,"Estoy con @Winghahaven y @DG88wasTaken jugando al Battle Royale de Battlefield V en directo!

https://t.co/xsiH8yPjj2",117,1110271947596812288,2019-03-25 20:07:14,Twitter Web Client,29,5
130,"Hoy el Battle Royale de Battlefield V! Firestorm!!

https://t.co/xsiH8yPjj2",75,1110225142544773132,2019-03-25 17:01:15,Twitter Web Client,30,2
131,"@SefirotKS Vete a dormir ya, hombre... Que no son horas...",58,1110053534035308545,2019-03-25 05:39:20,Twitter for Android,5,0
132,"@sushuneta @talicuali Yo saco todas las teclas, las dejo ordenadas, le paso la aspiradora con el cepillo a la base,‚Ä¶ https://t.co/XhvBHVRkTJ",140,1109891579072991233,2019-03-24 18:55:47,Twitter Web Client,6,0
133,"@talicuali Es un ratazo, pero la sensacion de reestrenar el teclado cada 3 o 4 meses es lo mejor üòå",98,1109891041296113665,2019-03-24 18:53:39,Twitter Web Client,2,0
134,"@Ruizalagon Joder, que puto asco y lastima da ver eso...",56,1109889305512681474,2019-03-24 18:46:45,Twitter Web Client,3,0
135,@charliemcoy85 No tengo ni idea. Siento no poder ayudarte.,58,1109876199797469184,2019-03-24 17:54:41,Twitter for Android,2,0
136,Acabo de quitar toda la mierda al teclado. https://t.co/OCcbR1ynND,66,1109854720854818817,2019-03-24 16:29:20,Twitter for Android,103,6
137,@QuiqueMencia Hahahahahaha Es que con subtitulos pierde la gracia üòÑ,67,1109640957727784960,2019-03-24 02:19:55,Twitter Web Client,2,0
138,"Noche de Apex con @DG88wasTaken en directo.

https://t.co/xsiH8yPjj2",68,1109592345408872448,2019-03-23 23:06:45,Twitter Web Client,23,3
139,Hoy solo tengo un par de horas para hacer stream. Seguimos con Battlefield V intentando recuperar la forma de cara‚Ä¶ https://t.co/JULiNsi9YI,139,1109479952645271552,2019-03-23 15:40:08,Twitter Web Client,23,2
140,"Subiendo el Battlepass de Apex Legends

https://t.co/xsiH8yPjj2",63,1109107991654076427,2019-03-22 15:02:06,Twitter Web Client,14,2
141,"@MarioCalypo @MrxSoki Opino que si lo que mas te preocupa de Firestorm es que hay unos tractores inutiles, va a ser‚Ä¶ https://t.co/hWgfInfMIg",140,1109106158076391424,2019-03-22 14:54:48,Twitter Web Client,1,0
142,@MrxSoki üòÑ,10,1109104745812246528,2019-03-22 14:49:12,Twitter Web Client,2,0
143,@MrxSoki ¬øCuanta satisfaccion sentirias si salieses 1-20 de una partida multiplayer? üåö,86,1109101844721213441,2019-03-22 14:37:40,Twitter Web Client,12,0
144,@SalvadorLausin @EA_Espana @Winghahaven @DG88wasTaken ¬øTe imaginas? Seria la leche üòÉ,84,1109094216980971520,2019-03-22 14:07:21,Twitter for Android,2,0
145,"RT @EA_Espana: TODOS lo hab√©is intentado. S√≥lo unos pocos lo consiguen üòÇ #ApexLegends

üìΩ @iMadafaca https://t.co/TiivvCG7Gr",123,1109065552297947136,2019-03-22 12:13:27,Twitter Web Client,0,115
146,@2zenit2 Pues a ver cuanta pasta hace falta para que cambies tu de opinion.,75,1108820048641175552,2019-03-21 19:57:55,Twitter Web Client,5,0
147,Si mi conexion a internet me lo permite... Hablamos un poco de Firestorm y jugamos a Battlefield V. Puede que haya‚Ä¶ https://t.co/OOidHGEzC0,139,1108779054281486336,2019-03-21 17:15:01,Twitter Web Client,19,1
148,@ThorSquad @EA_Espana @DG88wasTaken @Winghahaven La verdad es que seria increible jugar los 3 juntos!,101,1108778540152119297,2019-03-21 17:12:58,Twitter Web Client,4,0
149,@Filos54Twitch @NVIDIAGeForceES @battlefield_es Estan muy chulas y no es tarde! üòÉ,81,1108778366453403648,2019-03-21 17:12:17,Twitter Web Client,2,0
150,"Me disponia a empezar directo para ense√±aros Firestorm y jugar un poco a Battlefield V, peeero... No tengo internet en casa üåö",125,1108760625063309313,2019-03-21 16:01:47,Twitter for Android,65,2
151,"@Maria_Iriuri Pixelar, con √©l puedes cagar https://t.co/xOCTtjgsva",66,1108756176110538753,2019-03-21 15:44:06,Twitter for Android,110,8
152,@rugalck +1...,14,1108751236055158792,2019-03-21 15:24:28,Twitter for Android,20,0
153,"RT @Melosdead: Melos Dias

Ayer se fue mi abuela, no he comentado mucho por aqui porque no queria embajonar, pero me he despertado acordand‚Ä¶",140,1108465434964254721,2019-03-20 20:28:48,Twitter for Android,0,90
154,"Subiendo niveles de la Temporada 1 de Apex.

https://t.co/xsiH8yPjj2",68,1108412884894314498,2019-03-20 16:59:59,Twitter Web Client,12,0
155,"@QuiqueMencia Te ayudo con el orden:

-1 Lata de gasolina
-2 Caja de cerillas
-3 Todas las peliculas",100,1108406267914145793,2019-03-20 16:33:42,Twitter for Android,21,2
156,@Maria_Iriuri Like y RT üòé,25,1108405339542773761,2019-03-20 16:30:00,Twitter for Android,22,3
157,@lordsp @Maria_Iriuri @NVIDIAGeForceES @CorsairSpain @aorus_es @NZXT_ES Error 404: Good Taste Not Found,103,1108369072515878912,2019-03-20 14:05:54,Twitter Web Client,3,0
158,RT @Maria_Iriuri: NASA approves my new rocket üöÄ https://t.co/azIViuqVJU,71,1108368670680645634,2019-03-20 14:04:18,Twitter Web Client,0,5
159,RT @iMadafaca: Why @PlayApex...? Why...!? ü§Æ https://t.co/DAQUJzq5kS,67,1108357237410590721,2019-03-20 13:18:52,Twitter Web Client,0,2
160,No se quien de los dos duerme mas horas al dia. https://t.co/KfwKxqRbvu,71,1108352961137111040,2019-03-20 13:01:52,Twitter for Android,141,3
161,@SandraCabeza @PlayApex Que dura es la vida de GameChanger...,61,1108179966246748160,2019-03-20 01:34:27,Twitter Web Client,4,0
162,Why @PlayApex...? Why...!? ü§Æ https://t.co/DAQUJzq5kS,52,1108176395820298241,2019-03-20 01:20:16,Twitter Web Client,97,2
163,"@Charlynighter_ @SennheiserGamer Acabe un poco cansado de todo lo ""gaming"" y por el mismo precio tienes cosas mucho‚Ä¶ https://t.co/qCWoARSzRl",140,1107999763222487040,2019-03-19 13:38:23,Twitter Web Client,5,0
164,@Charlynighter_ @SennheiserGamer Si no necesitas microfono (porque tienes uno independiente) te recomiendo los Audi‚Ä¶ https://t.co/40s80A6Gzd,140,1107998599101730816,2019-03-19 13:33:46,Twitter Web Client,11,0
165,"Volvemos a Apex

https://t.co/xsiH8yPjj2",40,1107760248859832321,2019-03-18 21:46:39,Twitter Web Client,22,4
166,Hoy jugare Battlefield V para ir refrescando de cara al dia 25. Tengo ganas de jugar Firestorm. Puede que juegue Ap‚Ä¶ https://t.co/9R8b2q9mTM,140,1107684474970607616,2019-03-18 16:45:33,Twitter Web Client,49,4
167,@Korah_FF Yo tambien tres... Pero meses üòÑ,41,1107682764780982273,2019-03-18 16:38:45,Twitter Web Client,6,0
168,"RT @battlefield_es: Pr√≥xima semana: prep√°rate para desplegar en Firestorm.

Halv√∏y, el mapa m√°s grande de #Battlefield V, os espera üî• https‚Ä¶",140,1107681482783506432,2019-03-18 16:33:39,Twitter Web Client,0,78
169,"@xavirobles Si te gusta el deporte y el futbol, Messi hace tiempo que va mas alla de fanatismos. El dia que deje de jugar va a ser...",133,1107625106636001280,2019-03-18 12:49:38,Twitter for Android,23,0
170,@Korah_FF Ultimamente encadeno demasiados dias asi.,51,1107624359827554305,2019-03-18 12:46:40,Twitter for Android,11,0
171,@kangae00 Hostia tio... ¬øQue co√±o ha pasado ahi para que se hunda el suelo? Espero que se solucione pronto.,107,1107426641184243713,2019-03-17 23:41:00,Twitter for Android,1,0
172,[2/2] ...Hoy he decidido que me voy a otra casa por los problemas que nos esta dando esta. Solo de pensar en la mud‚Ä¶ https://t.co/PJBXGXyYGT,140,1107394891309608961,2019-03-17 21:34:51,Twitter Web Client,194,2
173,"[1/2] Lo siento. Llevo un tiempo que no estoy bien. Los ultimos dias no he estado jugando a mi nivel, con la frustr‚Ä¶ https://t.co/Z0hSgtRB7W",140,1107394890357444614,2019-03-17 21:34:50,Twitter Web Client,167,1
174,@kahouse1 https://t.co/LfDryk2oQV,33,1107384617731063808,2019-03-17 20:54:01,Twitter Web Client,2,0
175,@kahouse1 https://t.co/lSlwszcdjN,33,1107383868493987840,2019-03-17 20:51:03,Twitter Web Client,2,0
176,@kahouse1 No entiendo la foto üôÑ,31,1107383347838365696,2019-03-17 20:48:58,Twitter Web Client,1,0
177,Acaban de salir unas goteras en mi casa que parecen las cataratas del puto Niagara y es la segunda vez. Se supone q‚Ä¶ https://t.co/P3MMyEja3p,140,1107318088645652481,2019-03-17 16:29:39,Twitter for Android,139,2
178,"Puede que ahora mate a alguien... Pero no.

https://t.co/xsiH8yPjj2",67,1107001320668610560,2019-03-16 19:30:56,Twitter Web Client,13,4
179,@jorgeibor4 Me molesta mucho cuando no estoy a mi nivel. Ya volvera la cosa a su sitio...,89,1106975261369737216,2019-03-16 17:47:23,Twitter Web Client,2,0
180,Busco a alguien que haga miniaturas para Youtube üí∞,50,1106914234091352065,2019-03-16 13:44:53,Twitter Web Client,153,22
181,@Corro7 @Eric73936405 Hahahahagdjdiskbdhaisbfusosbdvshshw54vvff32bf üòÑüòÑüòÑ,71,1106887095283535872,2019-03-16 11:57:03,Twitter for Android,5,0
182,@Eric73936405 No sabria decirte. Tendria que verlo un experto.,62,1106866096609681409,2019-03-16 10:33:36,Twitter for Android,24,0
183,@Winghahaven ¬øQue es eso de preferir jugar a un juego con una jugabilidad bestial y sin apenas errores? Vuelve a PU‚Ä¶ https://t.co/8huIhUWivb,140,1106693265275961345,2019-03-15 23:06:50,Twitter Web Client,43,0
184,"Empiezo directo de Apex: Legends

https://t.co/xsiH8yPjj2",57,1106643667073282050,2019-03-15 19:49:45,Twitter Web Client,11,2
185,"The Division 2

https://t.co/xsiH8yPjj2",39,1106600974754422784,2019-03-15 17:00:06,Twitter Web Client,15,1
186,"RT @EA_Espana: ‚Äî Qu√© bonita, ¬øc√≥mo se llama?
‚Äî Mozambique
‚Äî ¬øPuedo acariciarla?
‚Äî Claro, no hace nada. https://t.co/5n344Wza0O",126,1106395302980931584,2019-03-15 03:22:50,Twitter for Android,0,457
187,"Trailer de Firestorm y Apex: Legends

https://t.co/xsiH8yPjj2",61,1106224832000258049,2019-03-14 16:05:27,Twitter Web Client,24,2
188,"@Finger4680 @GengisBoBoBo La verdad es que no, no puedo üòÑ",57,1106216129851285506,2019-03-14 15:30:52,Twitter Web Client,3,0
189,RT @Battlefield: Scavenge. Fight. Survive. The Firestorm is coming March 25 üî•üå™Ô∏è https://t.co/AhQ5aHTut8,103,1106189947134984192,2019-03-14 13:46:50,Twitter Web Client,0,4954
190,"Acabo de volver del viaje a Estocolmo, me he quedado dormido en el sillon y me acabo de despertar. ¬øQue puede salir‚Ä¶ https://t.co/6A7QLoUZDn",140,1105931542419984392,2019-03-13 20:40:01,Twitter Web Client,41,2
191,@talicuali #balicuali,21,1105923554825158656,2019-03-13 20:08:17,Twitter for Android,8,0
192,@megasau Es la foto de la cabecera de mi perfil de Twitter üòÑ,60,1105921968438759424,2019-03-13 20:01:58,Twitter for Android,1,0
193,@megasau Nunca me traje ninguno.,32,1105857729636302848,2019-03-13 15:46:43,Twitter for Android,1,0
194,@Angelitocal14 üòÑ,16,1105857330384637955,2019-03-13 15:45:08,Twitter for Android,1,0
195,RT @madeinfarreni: Discutir por Twitter vs. Discutir en persona https://t.co/zv6WfPdNkc,87,1105816204705296387,2019-03-13 13:01:42,Twitter for Android,0,23804
196,"@Angelitocal14 Hostia, no me habia fijado! LuuuL",48,1105815788873760769,2019-03-13 13:00:03,Twitter for Android,1,0
197,@Embi41 Gracias Mario üòä,23,1105815465048313856,2019-03-13 12:58:46,Twitter for Android,4,0
198,Ha sido genial volver a las oficinas de DICE ‚ô•Ô∏è https://t.co/In07yc6dNr,71,1105797152834572289,2019-03-13 11:46:00,Twitter for Android,293,18
199,@antesone @EA_DICE Pues a ver si pillas tambien un cuadernillo de ortograf√≠a üòÑ,78,1105724711332388864,2019-03-13 06:58:09,Twitter for Android,2,0
